1;2;3;4;5;6;7;8;9
balsamario;N;;ms+-;;;Piccoli vasi di svariate fogge e materiali (soprattutto paste vitree) destinati presso i popoli antichi a contenere sostanze aromatiche;;
lacrimatoio;N;;ms+-;;;Piccolo recipiente di terracotta, vetro o alabastro, a forma di fiala con base allargata, usato per conservare unguenti e profumi.;;
unguentario;N;;ms+-;;;"A) Recipiente che contiene unguenti. 
B) Forma chiusa, orlo orizzontale a disco; alto collo cilindrico; corpo ovoidale desinente a punta; due anse ad occhiello verticali, due anse configurate a disco piatto o due anse a protuberanza attorcigliata; stelo cilindrico con alto piede che si allarga verso la base.";;
cintura per la sospensione delle armi;N;NPANPN;ms+-;;;Cintura in cuoio e metallo, usata per la sospensione delle armi bianche.;;
trozzella;N;;ms+-;nestoris;;Voce dialettale pugliese, che significa rotella, con cui si designa un'anfora tipica della Messapia. (www.treccani.it) Ha un corpo ovoidale più o meno rastremato al piede, con alte anse nastriformi che terminano con quattro rotelline.;;
collana;N;;ms+-;collare;;Ornamento in forma di catena o costituito da elementi infilati o connessi l’uno all’altro, o anche da un laminato tubolare. Nelle forme più semplici e primitive la c. era formata da conchiglie, vertebre e denti di animali, da grani di pasta vitrea, maiolica, pietre dure. Con lo sviluppo dell’oreficeria assunse complessità di forma e decorazione.;;
parazonio;N;;ms+-;;;Arma corta, di epoca romana, di fattura molto pregiata da portare sul fianco sinistro, più corta di un gladio ordinario e con il manico sagomato generalmente a forma di testa di uccello.;;
colonna sepolcrale;N;NA;ms+-;;;;;
portabrace;N;;ms+-;vaso a fornello;;Recipiente per il trasporto della brace.;;
stampo;N;;ms+-;;;Recipiente per contenere o cuocere sostanze semiliquide che, indurendosi, ne acquistano la forma.;;
teglia;N;;ms+-;tegula;;Recipiente poco profondo, a base piana e parete rettilinea verticale o svasata.;;
collare;N;;ms+-;;;Ornamento in forma di catena o costituito da elementi infilati o connessi l’uno all’altro, o anche da un laminato tubolare. Nelle forme più semplici e primitive la c. era formata da conchiglie, vertebre e denti di animali, da grani di pasta vitrea, maiolica, pietre dure. Con lo sviluppo dell’oreficeria assunse complessità di forma e decorazione.;;
bulla;N;;ms+-;;;"Le bullae (\""bolle\""), hanno talvolta una struttura simile ad una conchiglia bivalva e una forma simile ad una bolla d'acqua. Venivano utilizzate come porta amuleti e come contenitori di sostanze odorose e solide. I fanciulli le portavano appese al collo fino al 15° anno di età, quando cominciavano ad indossare la toga virile.";;
bulla da bracciale;N;;ms+-;;;;;
bulla da collana;N;NPN;ms+-;;;;;
tunica;N;;;;;Indumento maschile e femminile usato presso i popoli antichi, che lo indossavano direttamente sul corpo;;
patera;N;;;;;Vaso da libagione, è una forma aperta costituita da una vasca poco profonda e molto ampia, a volte ombelicata, a pareti convesse, e da un manico tubolare unito alla vasca, sotto l'orlo, tramite una placca variamente conformata.;;
skyphos potorio;N;;;;;;;
skyphos;N;;;;;Recipiente con bacino emisferico o ovale, con doppie anse, per lo più ad anello, impostate orizzontalmente presso l'orlo, piede largo e basso o appena rialzato.;;
bracciale;N;;;;;"A) Cerchio di varie dimensioni e materiali, usato al braccio come ornamento. Il nome scientifico è armilla, sinonimo del termine bracciale, essendo quest'ultimo termine maggiormente utilizzato. I brachialia, o armillae, infatti, indossati prevalentemente dalle donne, erano portati ad entrambe le braccia sia all'avambraccio che ai polsi, nonché alle caviglie. Per questo spesso i bracciali vengono rinvenuti in coppia. 
B) Bracciale di epoca romana conferito come decorazione militare.";;
giavellotto;N;;;;;"Termine generico per indicare un'arma in asta con punta di ferro, di solito non grande. Si tratta di un'arma da lancio formata da un'asta corta e leggera di legno, nella quale veniva inserita una lunga punta aguzza di ferro o bronzo. Veniva impiegata nei combattimenti individuali e nel lancio a distanza per superare lo spazio che intercorre tra i due schieramenti, prima di giungere al contatto \""corpo a corpo\"".
Latino: telum
Francese: javelot
Spagnolo: venablo 
Tedesco: Wurfspieß
Inglese: javelin
Vedi anche: Angone Pilum.";;
base di sostegno;N;;;;;;;
crepidine;N;;;;;In architettura, basamento, zoccolo o gradino di pietra di un edificio, di un altare, e sim.;;
base;N;;;;;La parte inferiore di un oggetto qualsiasi, che costituisce il sostegno delle parti sovrastanti;;
base onoraria;N;;;;;;;
rastrello;N;;;;;"Attrezzo agricolo costituito da una barra trasversale munita di una fila di denti (o rebbi) di legno o metallo, fissata all'estremità di un lungo manico di legno; serve a vari lavori agricoli come ripulire il terreno dai sassi o dalle erbacce, pareggiarlo dopo l'aratura, per ricoprire il seme, radunare fieno e paglia.";;
falce fienaia;N;;;;;;;
falce;N;;;;;"Strumento agricolo a lama ricurva per tagliare erbe e cereali, di forma diversa secondo gli usi. 
Latino: falx";;
falce messoria;N;;;;;;;
falcetto;N;;;;;Piccola falce con corto manico di legno, usata per tagliare specialmente cereali ed erba.;;
falce arboraria;N;;;;;;;
focale;N;;;;;"Sciarpa o fascia da collo di epoca romana, di lana o lino, usata prob. anche per proteggere il collo dalla corazza. 
Greco: Prosgnatidion";;
modiglione;N;;;;;Nell’ordine corinzio, ognuna delle mensole che sostengono la corona della cornice (passate poi, dall’ordine corinzio, ad altri tipi di fregi e cornici): hanno la sagoma di una gola diritta, e la decorazione consiste di solito in una foglia d’acanto sulla fronte e in doppie volute laterali.;;
rocchetto;N;;;;;Strumento cilindrico spec. di legno terminante con due bordi sporgenti su cui è avvolto il filato.;;
fusello;N;;;;;Piccolo fuso spec. di legno o di osso, usato nel ricamo a tombolo oppure accessorio della navetta su cui si infila la spola di trama che viene dalla filatura.;;
orcio;N;;;;;Grande e panciuto vaso di terracotta, usato spec. per conservare l'olio | vaso di forma allungata, con due ampie anse, usato spec. come contenitore del vino o come brocca per versare altri liquidi.;;
marmitta;N;;;;;Grossa pentola fonda.;;
olla;N;;;;;Vaso d'uso comune, per lo più in terracotta o pietra, con corpo espanso solitamente globulare ed imboccatura ristretta, con o senza anse, usato per cuocere le vivande o conservare i cibi. Talvolta l'olla è impiegata come urna cineraria per conservare le ceneri dei defunti.;;
olla votiva;N;;;;;;;
udo;N;;;;;Presso i romani, calze in lana, in feltro o altro tessuto, indossate per proteggere i piedi dal freddo o per isolarli dalle calzature.;;
sarcofago;N;;;;;Urna sepolcrale di pietra, marmo, legno, terracotta o metallo, per lo più monumentale e ornata da bassorilievi, altorilievi o disegni policromi.;;
piccone;N;;;;;Attrezzo per scavare terre compatte e rocce tenere: è costituito da una sbarra parallelepipeda, leggermente ricurva, foggiata a occhio nel mezzo per adattarvi il manico di legno, e terminante ad un estremo a punta e nell'altro a taglio.;;
testo da pane;N;;;;;;;
testo;N;;;;;Contenitore di forma piatta o con bordi poco rilevati per la cottura su fiamma o brace, specie di pane e focacce, talvolta caratterizzato dalla presenza di impronte di canestro o stuoia.;;
calderone;N;;;;;"vaso aperto a fondo arrotondato, talvolta disposto su sostegno, per far riscaldare l'acqua; sono caratteristici della produzione etrusca.";;
paiolo;N;;;;;Pentolone largo e profondo,spesso di rame, con manico di ferro semicircolare, adatto a essere appeso al centro di camini e usato per cuocere vivande o scaldare l'acqua.;;
mensola;N;;;;;"Elemento sporgente inserito nella parete come sostegno, per esempio per le piccole colonne di un'edicola che inquadri una nicchia. Solitamente la forma è la medesima delle mensole che \""sorreggono\"" il soffitto delle cornici.";;
conocchia;N;;;;;"La \""conocchia\"" o \""rocca\"" è uno strumento che in coppia col fuso serve a filare.";;
pala rituale;N;;;;;;;
paletta da fonditore;N;;;;;;;
pala votiva;N;;;;;;;
pala;N;;;;;Attrezzo agricolo per la rimozione dei materiali incoerenti costituito essenzialmente di un manico e di un ferro piatto, leggermente ricurvo o concavo, talvolta munito di bordi laterali. L'attacco per il manico si presenta di forma cilindrica.;;
paletta;N;;;;;;;
vanga;N;;;;;Attrezzo agricolo formato da una lama di varia forma munita di manico in cui è innestata una staffa (staffale o vagile) sul quale si esercita pressione con il piede per affondare la lama nel terreno e staccare la zolla che viene poi rivoltata e spezzata.;;
corona;N;;;;;Ornamento del capo di forma circolare, di metallo, generalmente prezioso, portato in segno di sovranità o di nobiltà. In epoca romana, decorazione al valor militare.;;
cintura;N;;;;;Striscia di pelle, di cuoio, di stoffa, ecc. usata per sostenere in vita gli abiti oppure a scopo ornamentale.;;
tessuto;N;;;;;Manufatto costituito da un insieme di fili, ricavati da fibre tessili, intrecciati fra loro mediante l’opera di tessitura secondo un determinato ordine, e cioè intrecciando un filo con sé stesso;;
sgabello;N;;;;;Sedile di legno, di metallo o di altro materiale rigido, senza spalliera e braccioli;;
tappeto;N;;;;;Porzione, quadrangolare o di forma varia, di tessuto di lana, o anche di seta, cotone e altre fibre vegetali, prodotto in varie grandezze e in varî colori e disegni annodando, a mano [...] i fili di catena con quelli di trama.;;
arazzo;N;;;;;Opera decorativa destinata a essere appesa alle pareti di grandi sale, chiese e sim., costituita da uno speciale tessuto eseguito a mano con telai, per mezzo di fili di lana, di seta colorata, talvolta anche d’oro o d’argento, avvolti nell’ordito e costituenti una trama che forma un disegno, generalmente figurato, occupante tutta l’estensione del tessuto salvo il fregio, quando vi sia.;;
ago;N;;;;;Utensile che serve per far passare un filo attraverso uno o più spessori di tessuto.;;
ago da cucito;N;;;;;;;
ago;N;;;;;Utensile che serve per far passare un filo attraverso uno o più spessori di tessuto.;;
arco;N;;;;;"Arma da caccia e da guerra, costituita da un'asta di materiale flessibile, gener. di legno, e da una corda legata alle due estremità, con cui si scagliano frecce.
Greco: tòxos
Latino: arcus
Francese: arc
Inglese: bow
Spagnolo: arco
Tedesco: Bogen";;
tendiarco;N;;;;;IN ATTESA DI DEFINIZIONE;;
corona muralis;N;;;;;Decorazione militare riconosciuta per aver raggiunto per primo la sommità delle mura nemiche.;;
corona civica;N;;;;;Decorazione militare con foglia di quercia, riconosciuta per aver salvato la vita di un cittadino romano.;;
corona navalis;N;;;;;Decorazione militare riconosciuta per per aver abbordato per primo una nave nemica.;;
corona aurea;N;;;;;Decorazione generica al valor militare.;;
corona graminea;N;;;;;Decorazione militare con fili di erba, riconosciuta per aver salvato un esercito o dei cittadini da un assedio.;;
corona ovalis;N;;;;;Decorazione militare di mirto, riconosciuta al comandante cui veniva attribuita una ovatio.;;
corona castrensis;N;;;;;Decorazione militare riconosciuta per essere entrato per primo n un accampamento nemico.;;
corona vallaris;N;;;;;Decorazione militare riconosciuta per aver superato per primo una trincea nemica.;;
piatto;N;;;;;Recipiente con vasca molto bassa a pareti convesse e base molto larga.;;
piatto di largizione;N;;;;;I piatti di largizione venivano distribuiti dagli imperatori in occasione di particolari anniversari del loro regno.;;
giocattolo;N;;;;;Oggetto che serve al gioco dei bambini.;;
gemma;N;;;;;Pietra preziosa, specialmente lavorata.;;
salsiera;N;;;;;Recipiente poco profondo con becco versatoio aggettante.;;
mensa;N;;;;;Lastra, spesso in marmo colorato anche raro, che sorretta da un trapezoforo, costituisce un mobile decorativo.;;
sella;N;;;;;"Arnese per montare più comodamente la cavalcatura.
Latino: scordiscum";;
tappo;N;;;;;Oggetto, specialmente di forma cilindrica o tronco conica, di materiale vario, che si applica a pressione o per avvitamento alla bocca di un recipiente, di un condotto e simili per chiuderlo.;;
ferro di cavallo;N;;;;;Oggetto, generalmente a forma di U, fatto di ferro o altro materiale, inchiodato o incollato allo zoccolo di un cavallo o di altri animali domestici, come i muli.;;
salvadanaio;N;;;;;Piccolo contenitore in terracotta, plastica o altri materiali, di diverse forme, nel quale, attraverso una fessura, si introducono le monete o le banconote che si vogliono risparmiare.;;
spatola;N;;;;;Strumento costituito da un'estremità a forma di piccolo cucchiaio per prelevare il medicamento, e dalla parte opposta da una superficie larga per spalmarlo sulla superficie interessata.. In epoca romana, chiamato spathomele.;;
forfex;N;;;;;In epoca romana,forbici per il taglio di capelli e peli prima di un'operazione chirurgica e per il taglio di piccole parti andate in cancrena.;;
strumento chirurgico;N;;;;;;;
trapano;N;;;;;"Utensile che serve per eseguire fori. 
In epoca romana: 
Modiolus: per i modelli più piccoli. 
Terebra: per quelli di maggiori dimensioni, che venivano talvolta utilizzati per perforare le ossa, comprese quelle del cranio.";;
ferrum candens;N;;;;;Cauterizzatore, in genere di bronzo, usato come emostatico per bloccare emorragie e distruggere piccole formazioni cancerose.;;
ago chirurgico;N;;;;;;;
vectis;N;;;;;Leva usata nella ricomposizione delle fratture.;;
tavolo da gioco;N;;;;;;;
roncola arboraria;N;;;;;;;
coltello da macchia;N;;;;;;;
roncola;N;;;;;"Strumento agricolo, anche detto \""pennato\"", costituito da una lama a un taglio, alquanto ricurva, con breve manico da impugnare o talvolta fermata in cima ad un asta di legno; ne esistono con lama a due tagli. Serve soprattutto per potare: la lama eseguiva il taglio e la punta a uncino permetteva di prendere il ramo destinato ad essere sfrondato. La roncola, serviva, come indicano gli aggettivi attribuitigli dai Romani (arboraria e putatoria), per le varie operazioni di potatura e disboscamento di arbusti, piccole piante e anche alberi.";;
roncola putatoria;N;;;;;;;
peso da rete;N;;;;;;;
zavorra;N;;;;;Pesetti di piombo per tenere sott'acqua le reti.;;
lebete nuziale;N;;;;;Il lebete nuziale era diffuso come dono alla sposa, con il corpo impostato su alto piede, anse verticali e coperchio.;;
gruppo statuario acroteriale;N;;;;;;;
gruppo statuario;N;;;;;Formato da due o più figure umane stanti o sedute.;;
gruppo statuario votivo;N;;;;;;;
acciarino;N;;;;;Arnese un tempo usato per accendere il fuoco.;;
tegola di gronda;N;;;;;Tegola posta sugli spioventi del tetto, sporgente al di fuori di esso.;;
pendente;N;;;;;Lavoro d’oreficeria, di materia più o meno preziosa e di forma varia, che si porta appeso a una collana, a una spilla, a un braccialetto, a un nastrino e sim., o che fa da orecchino;;
pendente terminale;N;;;;;;;
vaso da cucina;N;;;;;;;
lekythos rituale;N;;;;;;;
dilecythos;N;;;;;Bottiglia a corpo doppio con parete interna divisoria.;;
lekythos;N;;;;;Recipiente con corpo allungato, stretto collo con un'unica ansa e ampio orlo svasato. Era utilizzato per versare l'olio ed era utilizzato dagli atleti e nelle cerimonie funebri.;;
coppo;N;;;;;Tegola curva, a forma di mezzo tronco di cono.;;
cretula;N;;;;;Impronta di un sigillo in argilla.;;
sigillo;N;;;;;Attrezzo di pietra, osso o metallo sulla cui superficie sono incisi a incavo uno stemma, un simbolo, una lettera, un motto o altri segni distintivi di un'autorità o di un privato, da imprimere su cera o ceralacca per autenticare o salvaguardare l'integrità di lettere, plichi, documenti e simili.;;
peso da telaio;N;;;;;"Inizialmente come oggetti necessari nella pratica della tessitura a telaio; solo in un secondo tempo come ex voto, offerte a divinità tutelari del mondo femminile e protettrici del lavoro domestico. Datazione poco certa a causa del grande utilizzo che si fece, ma quelle troncopiramidali e troncoconiche di Capua possono ascriversi al IV sec., quelle coniche al III sec. a.C. Alle volte sulla base vi sono impressi segni.";;
piatto portauovo;N;;;;;;;
vaso di misurazione;N;;;;;;;
mensa mensuaria;N;;;;;;;
mensa ponderaria;N;;;;;Blocco in cui sono ricavate delle cavità utilizzate per misurare le capacità.;;
petasus;N;;;;;Copricapo originario della Tessaglia, in voga anche in età imperiale romana, con falde molto larghe e di forma circolare, si allacciava con un cordoncino sotto il mento. Veniva associato al dio Mercurio. Molto utilizzato da agricoltori, cacciatori e viandanti. Di feltro, cuoio o vimini.;;
saliera;N;;;;;"Recipiente per contenere il sale. 
Latino: salinum";;
oscillum;N;;;;;Diminutivo latino del termine os, volto, utilizzato per indicare i piccoli doni spesso in forma di volto, che venivano dedicati presso i templi legandoli a viti, alberi, o elementi architettonici, in modo che potessero essere mossi dal vento. In età romana l'oscillum è ampiamente utilizzato, in diverse forme, anche come elemento decorativo all'interno delle abitazioni.;;
soprassoglio;N;;;;;Architrave della porta.;;
ago da lana;N;;;;;;;
ascia da battaglia;N;;;;;;;
dolabra;N;;;;;Attrezzo da campo, metà ascia e metà piccone, utilizzato dai legionari romani.;;
bronzetto votivo;N;;;;;;;
statuetta onoraria;N;;;;;;;
affilatoio;N;;;;;Arnese utilizzato per affilare.;;
bronzetto;N;;;;;Statua in bronzo di piccole dimensioni.;;
statuetta votiva;N;;;;;;;
statuetta funeraria;N;;;;;;;
statuetta;N;;;;;Opera di scultura a tutto tondo che raffigura persone, animali o forme astratte.;;
fistula acquaria;N;;;;;;;
fistula;N;;;;;Conduttura idrica solitamente in piombo, ma anche, più raramente, in terracotta.;;
forcone;N;;;;;Attrezzo formato da un'asta di legno terminante in un ferro munito di tre o più rebbi disposti a pettine, usato specialmente per lavori agricoli o per ammucchiare e caricare letame o altri materiali.;;
forcone;N;;;;;Attrezzo formato da un'asta di legno terminante in un ferro munito di tre o più rebbi disposti a pettine, usato specialmente per lavori agricoli o per ammucchiare e caricare letame o altri materiali.;;
nave attuaria;N;;;;;;;
nave;N;;;;;Imbarcazioni ausiliare, utilizzate per la logistica (onerarie), al trasporto celere di truppe (attauarie), di cavalli (ippagoghe), alle esplorazioni (speculatorie).;;
nave ippagoga;N;;;;;;;
piatto da pesce;N;;;;;;;
carro;N;;;;;Veicolo da carico a due o a quattro ruote, costituito da un pianale con o senza sponde, trainato da animali da tiro.;;
anello matrimoniale;N;;;;;Attrezzo costituito da un mazzetto di peli naturali (animali o vegetali), fissato all’estremità di un’asticciola o di un manico di legno;;
sella gestatoria;N;;;;;L'unica documentazione di questo mezzo di trasporto è un disco di terracotta proveniente da Pompei in cui è raffigurata una sella gestatoria, cioè una portantina dove siede una persona trasportata da due schiavi. Era dotata di una porticina nella parte anteriore con ampie finestre sui lati provviste di tendine ed una copertura a volta. Il sedile era nella parte posteriore. Veniva trasportata a spalle tramite stanghe legate con cinghie di cuoio alle spalle dei portantini (da due a sei) e per poggiarla a terra aveva quattro piedi.;;
portantina;N;;;;;Sedile portatile aperto o chiuso con sportello e montatoio, portato a braccia per mezzo di due stanghe laterali.;;
pepiera;N;;;;;Recipiente per contenere il pepe.;;
ascia;N;;;;;"L'ascia, detta anche scure, è composta da un ferro a lati ineguali con una lama, tagliente solo da una parte, e da un manico corto, che la rende adatta anche a essere lanciata; la lama generalmente ha il profilo ricurvo o diritto e, a volte, all'estremità opposta può essere munita di un tallone a martello. E' allo stesso tempo arma e strumento di lavoro. I rinvenimenti, soprattutto in contesti tombali, sono abbastanza frequenti sino al V sec. d.C. e diventano poi sempre più rari soprattutto in territorio italiano. Le asce \""barbariche\""\"" sono asimmetriche in quanto utilizzate soprattutto come armi da lancio, al contrario di quelle in uso nel periodo romano, impeiegate per il corpo a corpo, che invece sono taglienti da ambo i lati e simmetriche, non adatte al lancio). 
Francese: hache 
Inglese: axe
Spagnolo: hacha
Tedesco: Axt
Vedi anche: Francisca";;
ascia da lavoro;N;;;;;;;
pugnale;N;;;;;"A) Arma bianca con lama corta a due tagli e punta acuta. B) Pugio: piccolo pugnale o daga corta utilizzato dai soldati romani. Arma da fianco secondaria. 
Latino: pugio, sica
Francese: poignard
Inglese: Dagger
Spagnolo: punal
Tedesco: Dolch";;
paloscio;N;;;;;Daga da caccia usata fino al XVIII secolo.;;
daga;N;;;;;"Di provenienza greco-micenea o orientale. Il prolungamento della lama costituiva l'anima dell'impugnatura, che terminava allargandosi leggermente verso l'esterno. All'anima di ferro era assicurato con dei rivetti, o legato con un filo di bronzo, un rivestimento di legno, osso, corno o avorio che costituiva l'impugnatura e che terminava con un pomello o un segmento di cerchio. 
Dal latino spatha daca, spada dei Daci.";;
claves muscarii;N;;;;;Nell'edilizia romana si tratta dei chiodi a testa larga utilizzati per il fissaggio del primo strato di intonaco (trullissatio).;;
anello crinale;N;;;;;Arnese a mano, di dimensioni varie, a forma di bastone o piccola clava con la testa battente arrotondata o appiattita, che serve per frantumare, ridurre in polvere o in poltiglia materiali varî generalmente collocati in un recipiente robusto di sostanza dura;;
anello fermatrecce;N;;;;;Astuccio d’osso, d’avorio, di legno o di metallo lavorato, per conservare aghi. Nel medioevo era un oggetto d’arte, che le donne portavano attaccato alla cintura con una catenella.;;
portauovo;N;;;;;Contenitore per uovo.;;
vaso portaprofumi;N;;;;;;;
vaso potorio;N;;;;;;;
vasca di decantazione;N;;;;;;;
fibula;N;;;;;Spillone utilizzato per gli abiti, con funzione pratica e decorativa.;;
agoraio;N;;;;;Astuccio d’osso, d’avorio, di legno o di metallo lavorato, per conservare aghi. Nel medioevo era un oggetto d’arte, che le donne portavano attaccato alla cintura con una catenella.;;
urna;N;;;;;Vaso usato per contenere le ceneri del defunto. Può essere a forma di vaso, circolare, a cassa.;;
olla funeraria;N;;;;;;;
urna cineraria;N;;;;;;;
anfora;N;;;;;"Recipiente a due anse e collo stretto, che veniva chiuso con sughero e pece; la linea del collo poteva essere distinta dalla spalla, mentre la parte inferiore a volte terminava a punta, così che l'anfora potesse essere infissa sul terreno. Serviva a contenere iquidi come olio, vino, miele ecc., dei quali costituiva l'unità di misura, ma sembra potesse contenere anche solidi come la carne in salamoia.";;
forca;N;;;;;Attrezzo agricolo utilizzato per spostare il fieno o la paglia, costituito da un ramo biforcuto di legno duro, ovvero da una forcella metallica innestata su un manico di legno.;;
specillo;N;;;;;Sottile asticciola metallica utilizzata per sondare le parti canaliformi delle fistole o cavità comunicanti.;;
terrina;N;;;;;Recipiente di forma circolare o rettangolare spec. in ceramica con bordi alti e svasati, usato come recipiente di cottura.;;
peso di filo a piombo;N;;;;;;;
catena;N;;;;;Asta longitudinale, generalmente in ferro, disposta come passante da parete a parete o da pilastro a pilastro con funzione di tirante per l'equilibrio delle spinte.;;
stilobate;N;;;;;Nell’architettura greca, ognuno dei blocchi posti sotto le colonne.;;
piedistallo;N;;;;;Elemento architettonico o decorativo, di forma e materiali diversi, con funzioni di sostegno e di base.;;
basamento;N;;;;;Blocco, con i lati spesso incorniciati da modanature, ed eventualmente con decorazione, talvolta anche figurata, che sosteneva una scultura o un altro elemento decorativo.;;
pettorale;N;;;;;Ornamento di metallo prezioso o di gemme che si porta appeso o fissato sul petto.;;
angone;N;;;;;Tipo di giavellotto di media lunghezza, in uso presso i Franchi, che aveva la funzione di spiedo. Era formato da un'asta corta e da una cuspide di ferro molto sottile, che poteva essere munita di speroni o uncini ricurvi per causare ferite gravi.;;
protome;N;;;;;Il soggetto (domma/uomo), per il quale valgono le osservazioni relative alla testa votiva, ma limitato alla parte anteriore del volto.;;
protome votiva;N;;;;;;;
calzare;N;;;;;"Quanto serve a vestire il piede; quindi nome generico per indicare le scarpe, i sandali ecc.:";;
quadrireme da guerra;N;;;;;;;
quadrireme;N;;;;;Navis longa (nave lunga), di epoca romana, cioè fatta più per contenere uomini e munizioni, che non per inseguimenti e velocità. Disponeva di quattro ordini di remi e risale al I sec.a.c. Nata durante la prima guerra punica, cominciò ad operare in modo permanente solo con l'avvento del principato di Augusto, fino a tutto il V secolo. Montavano due corvi, uno a prua l'altro a poppa, diverse armi da assedio sul ponte. Aveva 24 vogatori, 15 marinai e 12 fanti di marina in armatura. La quinquireme portava sottocoperta 3 vogatori, con 5 marinai e 12 fanti.;;
lydion;N;;;;;Presentava un corpo arrotondato con un ampio orlo a disco e un alto piede. La forma è nata in Lidia in Asia Minore.;;
xyphos;N;;;;;Spada del periodo oplitico, lunga 5-6 cm, con il manico a forma di croce, in grado di colpire sia di punta che di taglio. Lama a forma di foglia lanceolata o a foglia di salice allungata.;;
kopis;N;;;;;Molto usato in Grecia nel V e IV secolo era un'arma a un solo taglio, di lunghezza variabile tra i 6 e gli 8 cm, con un profilo concesso molto pronunciato. L'impugnatura era spesso sagomata.;;
machaira;N;;;;;Spadone a scimitarra, con lama arcuata a un solo taglio, con il terzo ingrossato, forte costolatura fino in punta dalla parte convessa e filo nella parte concava. Impugnatura piatta e rettangolare, con i chiodini per il fissaggio del rivestimento. Diffusa in Italia centrale, soprattutto nella civiltà picena, scorcio VI secolo a.C.).;;
gladio;N;;;;;"Corta spada a lama larga, doppio taglio e punta, utilizzata dalla fanteria romana.
Latino: gladius";;
subligaculum;N;;;;;"Indumento costituito da una semplice fascia avvolta attorno ai fianchi per coprire le parti intime.
Greco: diazoma, perizoma";;
perizoma;N;;;;;Ogni tipo di indumento rudimentale trattenuto intorno ai fianchi e generalmente posto a protezione dei genitali, fatto di pelli, conciate o no, di tessuto o di fibre vegetali, spesso variamente decorato o dipinto;;
timpano;N;;;;;Il timpano è nell'architettuta templare la superficie triangolare verticale racchiusa nella cornice del frontone.;;
tirante;N;;;;;Lunga barra di metallo che va da una parte all'altra dei muri, poggiando sui capitelli o sui piani d'imposta, e spesso dotata di una chiave centrale che consente di allentarne o meno la tensione a seconda della necessità.;;
lebete;N;;;;;Recipiente di forma sferica da appoggiare su un sostegno di base.;;
phiale;N;;;;;Tipo di vaso rituale greco, ceramico o in metallo. Ha la forma di un recipiente circolare, con bordi bassi, senza piede o maniglie, usato di solito per la libagione, cioè lo spargimento di vino e olio come offerta per la divinità.;;
pedina;N;;;;;"Ciascuno dei dischetti di legno, avorio, ecc, [...] che, in varî giochi su scacchiera o su tavoliere, si dispongono e si muovono secondo regole prestabilite;";;
pedina da gioco;N;;;;;;;
bireme;N;;;;;Navis longa (nave lunga), di epoca romana cioè fatta più per contenere uomini e munizioni, che non per inseguimenti e velocità. Disponeva di due serie di rematori seduti sulla stessa panca. Usata fin dal V secolo a.c., subì nel corso del tempo poche modifiche. Lunga circa 23 m. e larga corca 3. Aveva una vela di forma quadrata.;;
bireme da guerra;N;;;;;;;
trireme;N;;;;;Navis longa (nave lunga), di epoca romana, cioè fatta più per contenere uomini e munizioni, che non per inseguimenti e velocità. Disponeva di tre serie di rematori, dotata di un rostro per speronare e di ponti mobili per agganciare le unità avversarie. In un secondo momento sulla prua venne eretta una torretta, dalla quale arcieri tenevano i nemici sotto il loro tiro. Lungo i bordi correva una balconata. A poppa si trovava la cabina coperta del comandante, sovrastata dallo stendardo della nave e dalle insegne della flotta. Era la nave da guerra più comune. Deriva il suo schema da precedenti modelli greci, modificati e snelliti. Misurava 4 metri di lunghezza e 5 e mezzo di larghezza e, dallo scafo emerso, sovrastava di un metro di altezza. Pesava tra le 24 e le 25 tonnellate.;;
trireme da guerra;N;;;;;;;
ushabti;N;;;;;Statuetta funeraria egiziana in legno, pietra o terracotta, con le sembianze di Osiride e con il nome del defunto con il quale veniva sepolta allo scopo di sostituirlo nell’assolvere i compiti che egli avrebbe dovuto eseguire nella vita ultraterrena;;
noria;N;;;;;Macchina per portare verso l'alto acqua o materiali incoerenti (sabbia, cereali e simili) costituita da una serie di secchie fissate a una catena senza fine che scorre tra due tamburi rotanti posti uno in alto e uno in basso.;;
lastrina;N;;;;;;;
lastrina votiva;N;;;;;;;
lamina;N;;;;;Placca ornamentale.;;
guttus;N;;;;;"Forma chiusa; bottiglia con collo cilindrico; corpo ovoidale o sferoidale; con beccuccio sul ventre; con o senza ansa. Probabilmente usata come contagocce per versare i liquidi dal beccuccio, goccia a goccia, aprendo e chiudendo la bocca per fare entrare l'aria nella bottiglia, o come infundibula, per versare l'olio nelle lampade, o comunque per riempire dei piccoli recipienti con liquidi che non dovevano venire spanti.";;
grata;N;;;;;"A) Elemento traforato di chiusura.
B) Chiusura a giorno di ferro o bronzo.";;
tavolo;N;;;;;Mobile costituito da un piano orizzontale di forma e materiali vari;;
blocco;N;;;;;Elemento parallelepipedo in cui tutte le superfici conservate sono prive di decorazione.;;
rubinetto;N;;;;;Dispositivo che si inserisce in una tubazione di piccolo diametro o si applica alla sua estremità per interrompere e regolare il flusso di un liquido.;;
spiedo;N;;;;;Asta di ferro, più o meno sottile, su cui si infilano carni, selvaggina o pesce da arrostire alla fiamma o alla brace.;;
trave;N;;;;;Tronco d’albero squadrato, a sezione prismatica, adoperato come elemento di sostegno in varie strutture, soprattutto edilizie, o con altre funzioni;;
raschietto;N;;;;;Utensile di forma varia, costituito da una lama con il bordo tagliente fissata a un manico di legno, usato per raschiare superfici diverse.;;
serracum per il trasporto delle merci;N;;;;;;;
serracum;N;;;;;Veicolo di epoca romana, con ruote basse e solide adibito al trasporto di merci pesanti.;;
plaustrum;N;;;;;Massiccio carro agricolo d'epoca romana usati perlopiù come mezzo di trasporto di merci e derrate alimentari. Aveva in genere due ruote, talvolta quattro - e allora si chiamava plaustrum majus.;;
francisca;N;;;;;"Ascia dal lungo ferro arcuato e controcurva, con filo appuntato verso l'alto; bandelle, controbandelle e ghiere rinserrano il corto manico. Era adoperata da fanti e cavalieri Franchi, dai quali prende il nome, anche come arma da lancio.";;
lingotto;N;;;;;"Blocco solidificato di una massa di metallo fuso in una forma facilmente trasportabile, generalmente di peso standard, utilizzato per il commercio. Nella civiltà nuragica sono generalmente di rame, talvolta in piombo, ed hanno forma rotonda con sezione piano-convessa (a \""panella\"") oppure a forma di pelle animale (oxhide).";;
panella;N;;;;;"Lingotto di forma circolare e sezione piano-convessa in rame o, più raramente, in piombo.
IL SITO NON FUNZIONA";;
pisside;N;;;;;"A) Vasetto di forma rotonda, a scatola chiusa da coperchio, destinato a profumi e ad oggetti di toeletta. 
B) Recipiente cilindrico che poteva assumere diverse forme: quella più diffusa aveva pareti convesse, con piede distinto, spesso a tripode, ed era dotata di un coperchio.
Forma chiusa di piccole e medie dimensioni con coperchio; corpo cilindrico (altezza da 3 a 13,5 cm); apoda o con piede ad anello.
Greco: pyxis";;
lastra;N;;;;;Pezzo di materiale solido e squadrato, specialmente di minerale, vetro e simili, il cui spessore sia molto più ridotto rispetto alla lunghezza e alla larghezza.;;
lastra di copertura;N;;;;;;;
lastra di coronamento;N;;;;;;;
frontone;N;;;;;Nel tempio greco, elemento architettonico, di forma triangolare, costituito dai due spioventi del tetto e dalla cornice della trabeazione, spesso decorato.;;
lanx;N;;;;;Vassoio da portata di varie dimensioni, sia ovale che rettangolare.;;
vassoio;N;;;;;Piatto di grande dimensione, spesso fornito di manici.;;
graffa;N;;;;;Pezzo di metallo che serve a tenere uniti due blocchi.;;
liburna;N;;;;;Navis cetera, con due ordini di rematori, costruita sul modello delle imbarcazioni dei pirati liburni. Più leggera della trireme e con maggiore mobilità.;;
pettorale da parata;N;;;;;;;
pettorale;N;;;;;Ornamento di metallo prezioso o di gemme che si porta appeso o fissato sul petto.;;
protoerpice;N;;;;;Strumento agricolo che precede l'utilizzo dell'aratro.;;
erpice;N;;;;;Strumento agricolo, che può essere trainato da animali o dall'uomo, impiegato dopo l'aratura per spianare o sminuzzare il terreno smosso. È schematicamente costituito da un telaio rigido snodato che reca denti rigidi o lame flessibili. Si tratta, più propriamente, di un rastrello che serviva soprattutto a completare il lavoro dell'aratro, per la coltura dei cereali nell'oliveto e anche ad eliminare le erbacce.;;
fibbia;N;;;;;Fermaglio d’osso, di metallo, di legno, ecc., di forma varia, provvisto di una traversa in cui sono fissate una o più punte o un gancio per chiudere cinture, mantelli, scarpe, ecc.;;
fibula;N;;;;;Spillone utilizzato per gli abiti, con funzione pratica e decorativa.;;
fibbia di aggancio;N;;;;;;;
icona;N;;;;;Immagine sacra dipinta su legno, metallo o vetro e decorata con materiali preziosi.;;
vetro da finestra;N;;;;;Lastra a forma rettangolare o a disco, a superficie porosa o liscia, incorniciata da telai di bronzo o di piombo.;;
filo;N;;;;;Corpo lungo, sottile, di forma cilindrica, in genere a sezione costante, di vario materiale, che ha molteplici applicazioni ed è variamente denominato in relazione sia al materiale di cui è costituito sia alla funzione che deve compiere;;
scultura;N;;;;;Opera scolpita;;
busto onorario;N;;;;;;;
busto;N;;;;;Parte del corpo umano compresa tra il collo e la vita.;;
busto votivo;N;;;;;;;
busto funerario;N;;;;;;;
caudicaria da guerra;N;;;;;;;
caudicaria;N;;;;;Di forma piatta allargata, una specie di chiatta adibita al trasporto fluviale. Veniva trainata da animali dalla riva destra del fiume secondo un sistema di propulsione, quello dell'alaggio, ancora in uso sul Tevere fino al XIX secolo. La forma originale si osserva su mosaici, rilievi e affreschi. Specie quando il terreno nemico era impervio, i Romani trasportavano macchine da guerra, accampamenti, animali e viveri sul fiume attraverso le naves caudicarie.;;
borchia;N;;;;;Grossa guarnizione metallica di solito circolare battuta ed appiattita oppure a capocchia, atta a rinforzare la superficie dei bauli ferrati, dei forzieri e delle porte lignee.;;
borchia;N;;;;;Grossa guarnizione metallica di solito circolare battuta ed appiattita oppure a capocchia, atta a rinforzare la superficie dei bauli ferrati, dei forzieri e delle porte lignee.;;
scalpello;N;;;;;Utensile costituito da una barra terminante con una punta tagliente, impiegato nella lavorazione delle pietre, dei metalli, del legno, ecc.;;
orecchino;N;;;;;Ornamento che si porta a ciascuno dei due orecchi (o anche a uno solo) [...], può essere di forma e materiali varî, e viene portato generalm. dalle donne;;
sgorbia;N;;;;;Scalpello concavo di sezione semicircolare, usato da intagliatori e da tornitori per fare sgusci e intagli.;;
rullo;N;;;;;Attrezzo agricolo mediante il quale si effettua la rullatura del terreno seminato.;;
trapano;N;;;;;"Utensile che serve per eseguire fori. 
In epoca romana: 
Modiolus: per i modelli più piccoli. 
Terebra: per quelli di maggiori dimensioni, che venivano talvolta utilizzati per perforare le ossa, comprese quelle del cranio.";;
martello;N;;;;;"Attrezzo costituito da una piccola mazza metallica, munita di un foro nel quale è introdotto un manico di legno, usato per battere, picchiare, rompere, conficcare.
Latino: malleus";;
peso;N;;;;;Misura della forza che un corpo esercita su ciò che lo sostiene per effetto della gravità terrestre.;;
lesina;N;;;;;Attrezzo costituito da un grosso ago ricurvo e appuntito, sostenuto da un corto manico in legno, utilizzato da calzolai e sellai per forare il cuoio che deve essere cucito.;;
punteruolo;N;;;;;Piccolo utensile di metallo, osso, ecc., appuntito e munito di manico, che si adopera per fare (o allargare) fori nel panno, nel cuoio, o in altri materiali.;;
pilastro;N;;;;;Elemento architettonico verticale con la funzione di sostegno per archi, volte, architravi.;;
briglia;N;;;;;;;
imposta;N;;;;;Ciascuno dei due sportelli, girevoli su cardini o scorrevoli su binari, collocati all'interno o all'esterno di una porta o di una finestra, usati come mezzo di chiusura o per regolare l'ingresso della luce nei locali.;;
levigatoio;N;;;;;Pietra levigata, larga e pesante, sulla quale il grano si schiacciava con un'altra pietra tenuta in pugno (macinello).;;
serratura;N;;;;;Congegno meccanico per chiudere a chiave porte, sportelli, cancelli, bauli, ecc., costituito da un catenaccio che viene fatto scorrere entro apposite guide mediante meccanismi azionati da una chiave.;;
serratura da portone;N;;;;;;;
serratura da cassone;N;;;;;;;
calceus;N;;;;;Calzatura chiusa molto simile alle scarpe moderne.;;
carbatina;N;;;;;Calzatura di origine greca, tipicamente campestre, che venne usata per secoli da contadini e pastori.;;
caliga;N;;;;;Calzatura di cuoio usata dai soldati romani fino al grado di centurione incluso. Era costituita da un foglio unico di cuoio da cui venivano ricavate per intaglio una serie di strisce più o meno sottili che si allaccciavano con una stringa in corrispondenza del collo del piede. Le suole venivano pesantemente chiodate.;;
alamaro;N;;;;;Allacciatura di abiti e uniformi.;;
putrella;N;;;;;Barra di ferro che, nell'architettura della Grecia antica, era utilizzata per rinforzare gli elementi della trabeazione.;;
erma;N;;;;;"Costituita generalmente da un pilastro sormontato da una testa scolpita. Collegata originariamente al culto di Hermes (da cui deriva anche il nome), veniva collocata nei luoghi o negli edifici più diversi. In età romana prevale il senso ornamentale di questi oggetti ai quali viene assegnato anche un valore itrattistico; accanto alle divinità si trovano quindi effigi di letterati, filosofi e personaggi storici. Nella maggior parte delle erme è raffigurato un solo volto, spesso se ne trovano due (contrapposti): è questo il caso delle erme bifronti e talvolta quattro: erme quadrifronti.";;
sega;N;;;;;"Utensile costituito da una lama dentata, usato per tagliare con un moto di va e vieni materiali diversi.
Latino: Serra";;
coverta di maglia;N;;;;;Protezione di stoffa imbottita con canapa o crine, trapunta 'a camerelle' e 'incamutata', che difendeva il cavallo in battaglia. Usata dalla metà del Duecento per oltre un secolo. Aveva in genere una parte anteriore con 'testiera' intera e lunghi 'quartieri davanti' allacciati dinanzi fino al petto, e una posteriore accampanata con 'groppiera' che scendeva in un 'girello' o in due 'quartieri di dietro' fin quasi a terra.;;
finimento;N;;;;;"A) Ciascuno degli elementi che servono a sellare il cavallo o ad attaccare gli animali da tiro a carri, carrozze e simili, come ad es. il morso, le redini, le briglie ecc.
B) L'insieme dei guarnimenti e arnesi che si impongono al cavallo.";;
pennello;N;;;;;Attrezzo costituito da un mazzetto di peli naturali (animali o vegetali), fissato all’estremità di un’asticciola o di un manico di legno;;
coltello;N;;;;;Strumento manesco, di varie dimensioni, con lama ad un filo e punta, che in caso di necessità può essere adoperato anche come arma.;;
coltello;N;;;;;Strumento manesco, di varie dimensioni, con lama ad un filo e punta, che in caso di necessità può essere adoperato anche come arma.;;
coltello da toiletta;N;;;;;;;
testa;N;;;;;Parte superiore o anteriore del corpo, unita al collo. Mezza testa votiva: teste femminili e maschili di cui è stato eseguito solo il profilo laterale.;;
testa ritratto;N;;;;;;;
testa votiva;N;;;;;;;
testa onoraria;N;;;;;;;
bambola;N;;;;;Fantoccio di diverso materiale in forma di bambina o di donna;;
provino da vino;N;;;;;"Forma aperta con lungo e sottile collo tubolare, forato; corpo piriforme, anch'esso cavo.";;
vaso funerario;N;;;;;;;
forno mobile;N;;;;;In contesti fenicio-punici, strumento utilizzato per la cottura del pane, costituito da una struttura di forma troncoconica o circolare realizzata saldando tra loro tre o quattro grandi pannelli ricurvi di forma quadrangolare. Nella letteratura d'ambito, noto con il termine, tannur o tabun o tabouna.;;
crumena;N;;;;;"In epoca romana, sacchetto di cuoio destinato a contenere monete e piccoli oggetti; costituito da un piccolo ritaglio di pelle rettangolare o circolare, percorso da un laccio attorno ai bordi per realizzare una chiusura semplice ed efficace.";;
scettro;N;;;;;Bastone di materiale prezioso che costituisce il simbolo dell'autorità regia o imperiale.;;
glaux;N;;;;;Vaso, a forma di bicchiere, con un'ansa verticale e una orizzontale, decorato molto spesso con una civetta.;;
glaux potorio;N;;;;;;;
mattonella;N;;;;;Elemento edilizio in forma di poligono per lo più regolare (quadrato, rettangolare, esagonale, ecc.) e di spessore ridotto, costituito da materiale laterizio, graniglia, marmo, ceramica, cemento, ecc., utilizzato per rivestimenti e pavimentazioni.;;
bollitore;N;;;;;Recipiente di forma varia avente la funzione di riscaldare i liquidi e di mantenerli ad una temperatura costante. I bollitori sono sia fornelli (scaldavivande) che recipienti.;;
graffione;N;;;;;"Strumento fornito di ganci, con manico orizzontale che termina in un cannone in cui si inseriva un'immanicatura di legno; il fusto si salda ad un anello centrale intorno al quale sono disposti denti ricurvi.. Usato prob. per infilzare e cuocere i pezzi di carne.";;
medaglia devozionale;N;;;;;;;
cassetta per ushabti;N;;;;;;;
bottiglia mercuriale;N;;;;;;;
pinax;N;;;;;Quadretto votivo in terracotta.;;
arma;N;;;;;Oggetto usato dall'uomo come strumento di offesa o di difesa.;;
anello;N;;;;;Cerchietto di metallo, per lo più prezioso, che si porta infilato in un dito della mano come ornamento, come simbolo del vincolo matrimoniale, come insegna di dignità;;
anello digitale;N;;;;;Assortimento di corde;;
fruttiera;N;;;;;Grande piatto o vassoio per servire cibi in tavola.;;
fiasca;N;;;;;Vasetto da toeletta destinato a contenere oli e unguenti, di piccole dimensioni a collo stretto e corpo espanso.;;
fiasca da pellegrino;N;;;;;;;
acrolito;N;;;;;"Tipo di statua, con testa, mani e piedi di pietra o marmo o avorio, e il resto del corpo di legno, nascosto dal panneggio; durò fino all’età romana, per statue colossali.";;
stele votiva;N;;;;;;;
stele;N;;;;;Lastra verticale di pietra o di marmo che reca un'iscrizione o immagini in rilievo, spec. con funzione di monumento funebre o commemorativo.;;
stele commemorativa;N;;;;;;;
stele funeraria;N;;;;;;;
segnapunti;N;;;;;Oggetto fisso o mobile, su cui si registrano i punti ottenuti nel gioco.;;
disco ipocefalo;N;;;;;"Nel corredo funerario egiziano è talvolta inserito un disco, in papiro, terracotta, legno o bronzo, detto ipocefalo perché collocato sotto la testa del defunto allo scopo di garantirne l'integrità e il calore vitale in eterno. I testi e le raffigurazioni che vi appaiono sopra sono tratti dal capitolo 162 del Libro dei Morti che corrisponde alla \""Formula per far nascere una fiamma sotto la testa del beato\"".";;
doglio;N;;;;;Grande vaso a forma tondeggiante nel quale i Romani conservavano liquidi (olî, vino, ecc.) e aridi (grano, legumi). Latino: dolium;;
cassa;N;;;;;Contenitore a forma di parallelepipedo usato per riporre o trasportare oggetti.;;
spatha;N;;;;;"A) Spada lunga in dotazione alla cavalleria, dal III sec. anche alla fanteria. 
B) Arma bianca manesca con lama diritta a due fili e punta; in uso, in periodo tardo-romano, presso i romani e i popoli delle grandi migrazioni. Era usata a cavallo. 
C) Con questo termine si indicano anche le spade longobarde.";;
foculo per uso cerimonale;N;;;;;;;
braciere rituale;N;;;;;;;
foculo per uso domestico;N;;;;;;;
foculo;N;;;;;Nell’antico tempio romano, focolare mobile situato presso l’altare, sul quale si bruciava l’incenso e si versava il vino prima della immolazione.;;
regula;N;;;;;"Righello.
Greco: kanôn
Latino: canon, regula, linearium";;
grondaia;N;;;;;"Parte del tetto che sporge verso l'esterno di un edificio per evitare che la pioggia coli lungo i muri.
DEFINIZIONE SOTTO GRONDA, NON SOTTO GRONDAIA";;
baglio;N;;;;;Trave ricurva disposta trasversalmente nello scafo di una imbarcazione, con funzione di sostegno e collegamento.;;
puteale;N;;;;;"Nei pozzi, parapetto (detto popolarmente anche vera) che ne protegge la bocca; il termine (che nel mondo romano designava anche la recinzione di una fonte o, più raramente, di un’area sacra) è usato, dagli storici dell’arte, soprattutto per indicare il parapetto, per lo più di marmo, rotondo o poligonale, che, con il diffondersi dei pozzi al centro di cortili, palazzi e chiostri, assume forme sempre più eleganti e complesse, con decorazioni a motivi architettonici e rilievi scolpiti";;
peso da pozzo;N;;;;;;;
cista;N;;;;;Contenitore di gioielli e oggetti da toeletta.;;
matrice di piatto;N;;;;;;;
matrice planta pedis;N;;;;;;;
matrice per bollo;N;;;;;;;
matrice di fusione;N;;;;;;;
pintadera;N;;;;;Piccolo stampo decorativo, generalmente ceramico, con disegni geometrici in rilievo, munito di presa posteriore, utilizzato per imprimere decorazioni sul corpo o su altre superfici.;;
matrice per utensili;N;;;;;;;
matrice di statuetta;N;;;;;;;
matrice di lucerna;N;;;;;;;
matrice di testina;N;;;;;;;
matrice;N;;;;;Il controstampo inciso di sigilli, stampi, timbri e simili che serve a ottenere l'impronta.;;
matrice per focacce;N;;;;;;;
falcata;N;;;;;"Arma, \""a forma di falce\"", usata dai guerrieri iberici, caratterizzata dalla parte anteriore della lama a doppio filo e adatta a colpire anche di punta.";;
chitone;N;;;;;Vestito di origine orientale introdotto in Grecia dagli Ioni, confezionato con un telo di stoffa leggera cucito come un sacco senza fondo, stretto alla vita da un cordone e fermato alle spalle da due fibbie, corto per gli uomini, lungo per i personaggi d’alto rango e per le donne.;;
kalathos;N;;;;;Tipo di cratere piuttosto raro, a pareti verticali e piccole prese sotto la bocca (V sec.).;;
calcofono;N;;;;;Strumento musicale.;;
strumento musicale;N;;;;;;;
cratere a colonnette;N;;;;;Con ampia bocca e labbro aggettante piatto, unito alla spalla da due piccole colonnette a sostituzione delle anse.;;
cingulum;N;;;;;"Cintura militare utilizzata dai soldati romani. In epoca imperiale si assiste al passaggio dalla doppia cintura incrociata, caratteristica del periodo repubblicano, a una cintura unica, più larga e ricca di ornamenti, come borchie (bullae) o placche ornamentali (laminae) di metallo. 
Vedi anche Lamina.";;
balteus;N;;;;;Cintura o cinghia con funzione di sostegno della spada. Poteva coincidere con il cingulum (vedi) o essere costituito da apposita cinghia indossata a tracolla sulla spalla sinistra.;;
catena portaspada;N;;;;;;;
colonna onoraria;N;;;;;;;
temperatorium;N;;;;;"In epoca greca e romana, coltello di metallo col quale si affilavano i calami. 
Greco: smile
Latino: temperatorium, cultellus";;
cerchio;N;;;;;Nella capriata di età romana elemento utilizzato per legare tra loro i componenti dentati che formano la cosiddetta catena a tavoloni binati e composti.;;
corno potorio;N;;;;;Corno di bovino o di ovino ripulito all'interno e utilizzato per bere.;;
kothon;N;;;;;Meno frequente forma di coppa, con basso corpo rigonfio e orlo rientrante, dotata di un'unica ansa ad anello affiancata da due sporgenze. In alcuni casi appare privo di ansa e con piede su corto stelo.;;
spadino;N;;;;;Spada leggera, più sottile di quella da guerra.;;
spada da parata;N;;;;;;;
penna d'oca;N;;;;;Le penne d'oca più pregiate si ricavavano dalle piume di oca e di cigno, mentre per una scrittura minuta si utilizzava la penna ricavata dalle piume dei tacchini. La piuma dei volatili per essere convertita in penna da scrivere, subiva un trattamento artigianale eseguito dall'amanuense stesso. La piuma veniva immersa per alcuni mesi nell'acqua e in una soluzione arenosa. Una volta ammorbidita, veniva eliminato lo strato esterno untuoso del gambo e il midollo interno. A quel punto, lo scriba incideva una piccola fessura al centro e tagliava il tratto estremo del pennino, incidendo un taglio obliquo di un millimetro circa.;;
psykter;N;;;;;Recipiente utilizzato tra la fine del VI e gli inizi del V secolo a.C. con il corpo a fungo e con ampio collo, che riempito di neve o di acqua gelata era immerso nel cratere per raffreddare il vino contenuto.;;
kalpis;N;;;;;Tipo di hydria a profilo continuo e con labbro arrotondato, spesso di ridotte dimensioni, introdotta verso il 52 a. C. nella fase tarda della produzione ceramica attica a figure nere.;;
scaraboide;N;;;;;Gemma che imita gli scarabei egiziani con forme più stilizzate e schematiche, in pietre varie, diffusa specialmente in Etruria;;
amuleto a forma di scarabeo;N;;;;;;;
bisturi;N;;;;;Strumento chirurgico a forma di piccolo coltello usato per incidere tessuti molli.;;
scalprum;N;;;;;"Temperino usato dagli scribi per appuntire la penna, o la cannuccia, per scrivere; serviva inoltre per raschiare via dalla pagina segni tracciati in modo sbagliato.";;
scalpellus;N;;;;;In epoca romana, particolare tipo di coltello studiato per piccole operazioni chirurgiche (dissezioni, incicioni di ascessi) e soprattutto per effettuare i salassi sanguigni.;;
fornello;N;;;;;Parte della caldaia in cui avviene la combustione.;;
anello portastrigili;N;;;;;Attrezzo da taglio per la lavorazione del legno simile alla ascia, ma più piccolo;;
strigile;N;;;;;Strumento di bronzo o di ferro usato nell’antichità per detergere il corpo dal sudore e dall’olio, dopo il bagno o gli esercizî ginnici, costituito da un manico diritto e da una parte terminale ricurva e concava che veniva passata sulle membra;;
spongia deletilis;N;;;;;"Spugna bagnata con cui si lavavano e cancellavano i fogli dalla superficie scrittoria.
Greco: spóngos
Latino: spongia deletilis";;
kernos;N;;;;;Contenitore costituito da più recipienti uguali di varia forma, uniti tra loro e sostenuti da un unico piede. Diffuso già in epoca preistorica aveva in genere funzioni di culto, per la presentazione di offerte.;;
tintinnabolo;N;;;;;Nell’antica Roma, campanello usato come strumento musicale o per dare il segnale di apertura di edifici varî (mercati, bagni, ginnasî) o, nelle cerimonie religiose, per annunciare il momento del sacrificio.;;
custodia;N;;;;;Astuccio per contenere e proteggere oggetti.;;
ago da rete;N;;;;;;;
uncino;N;;;;;Arnese di metallo costituito da una barra di ferro con un'estremità appuntita e molto incurvata che, applicato a bastoni, pertiche e sim., è utilizzato per afferrare o, infisso in una parete, per appendervi oggetti.;;
ago;N;;;;;Utensile che serve per far passare un filo attraverso uno o più spessori di tessuto.;;
louterion;N;;;;;Bacino per abluzioni.;;
flabello;N;;;;;Elemento d'apparato in forma di ventaglio montato su una lunga asta o manico.;;
sacco;N;;;;;Recipiente di tela forte e grossolana, oppure di canapa, di iuta e simili, di forma cilindrica, aperto in alto, usato per contenere materiali incoerenti (come farina, sabbia e sim.) o comunque oggetti in gran numero ma di non grandi dimensioni (per es., frutta), da conservare o da trasportare.;;
peso da lenza;N;;;;;;;
paragnatide;N;;;;;Elemento metallico, talvolta mobile, tenuto da cerniere o chiodini, posti sui lati dell'elmo a proteggere le orecchie e il viso lateralmente.;;
deinos;N;;;;;"Recipiente a larga bocca rotonda, sagomata da un basso orlo verticale derivato da prototipi bronzei; essendo privo di piede, aveva bisogno di essere collocato su un tripode o su un sostegno sagomato. Serviva per mescere vino e acqua.";;
parrucca;N;;;;;Capigliatura posticcia usata per fini estetici.;;
trono regale;N;;;;;;;
trono;N;;;;;Seggio, per lo più grandioso e riccamente decorato, sopraelevato dal suolo [...] sul quale prende posto un sovrano o altro personaggio di grande autorità e dignità, per compiere atti connessi con la sua carica, in ambienti e circostanze particolari.;;
campanaccio;N;;;;;Piccola campana che si appende al collo di mucche, capre, ecc.;;
capestro;N;;;;;"Fune o corda (di canapa, di cuoio o d'altro materiale) adoperata per legare cavalli o altri animali.
Latino: capistrum";;
pungolo;N;;;;;Asta alquanto lunga, di legno o di canna, che ha infissa su un'estremità una punta metallica e serve per incitare gli animali, spec. i buoi, a muoversi, a procedere.;;
caraffa;N;;;;;Recipiente panciuto per liquidi, usato spec. per servire bevande a tavola.;;
plinto;N;;;;;Nell’architettura classica, basso parallelepipedo di pianta quadrata che sostiene la base della colonna, o anche la lastra quadrangolare sull’echino del capitello dorico e tuscanico.;;
tassello;N;;;;;Piccolo pezzo di pietra o di legno che si adopera sotto varie forme e per usi tecnici diversi nelle opere di pietra, nelle costruzioni, nei lavori di finimento.;;
tassello pavimentale;N;;;;;;;
piastrella;N;;;;;Elemento edilizio di forma quadrata, rettangolare o poligonale, di materiale vario, usato per pavimentazione o per rivestimenti.;;
tegola;N;;;;;Ciascuno degli elementi componibili di varia forma, specialmente di laterizio, usati come copertura di tetti.;;
formella;N;;;;;Lastra o mattonella di varia forma in mattone, ceramica, marmo o altro materiale, usata per pavimentazioni o per applicazioni ornamentali.;;
coppo di colmo;N;;;;;;;
kylix;N;;;;;Coppa per bere, dalla grande varietà di forme sempre eleganti, con piede più o meno alto e sottile, tazza bassa e aperta a due anse.;;
kylix potorio;N;;;;;;;
stipite;N;;;;;Ciascuno dei due piedritti verticali (chiamati comunemente anche spallette) di porte, finestre e altri vani di una struttura muraria.;;
paludamentum;N;;;;;In epoca imperiale romana, mantello distintivo dei gradi militari più alti. Capo corto, di tessuto molto fine che il console indossava quando riceveva l'imperium militare. Veniva fissato per un'estremità sulla parte sinistra del petto, quindi veniva passato dietro la spalla, o in alcuni casi dietro la schiena, e infine veniva tenuto sul braccio sinistro con un leggero drappeggio.;;
borraccia;N;;;;;Fiaschetta di materiale vario per conservarvi l'acqua o altre bevande.;;
attizzatoio;N;;;;;"A) Asta di metallo fornita di un'impugnatura con cui si attizza il fuoco. 
B) Utensile per ravvivare il fuoco di lampade e lumi.";;
campanello;N;;;;;Piccola campana che si suona agitandola per il manico o tirando la corda a cui è fissata.;;
fodero;N;;;;;"Guaina, specialmente di cuoio o di metallo, in cui si ripone un'arma da taglio.
Latino: vagina
Francese: fourreaux
Spagnolo: funda
Tedesco: scheide
Inglese: sheath";;
calice potorio;N;;;;;;;
pestello;N;;;;;Arnese a mano, di dimensioni varie, a forma di bastone o piccola clava con la testa battente arrotondata o appiattita, che serve per frantumare, ridurre in polvere o in poltiglia materiali varî generalmente collocati in un recipiente robusto di sostanza dura;;
pestello da mortaio;N;;;;;;;
mortaio;N;;;;;"A) Recipiente di metallo, pietra, legno, vetro, per ridurre in frammenti, polvere o poltiglia sostanze varie con un pestello. 
B) Recipiente a foggia di coppa per frantumare i grani d'incenso.";;
mortaio per cereali;N;;;;;;;
mortaio votivo;N;;;;;;;
vite;N;;;;;La più stabile delle fermezze, con madreviti filettate nelle lame da fissare.;;
treppiede;N;;;;;Arnese da cucina per sostenere le pentole e sim. a una certa distanza dal fuoco, costituito da un cerchietto o triangolo di ferro che poggia su tre piedi.;;
boccale;N;;;;;Recipiente per liquidi, per lo più di terracotta o di vetro, panciuto e con bocca più stretta del corpo, in genere con beccuccio da un lato e con manico dall’altro, usato per mescere;;
bicchiere;N;;;;;Piccolo recipiente usato per portare le bevande alla bocca.;;
tazza;N;;;;;Piccolo recipiente di forma varia, con la bocca rotonda di maggiore o uguale ampiezza della base, dotato per lo più di un manico laterale, usato per servire e bere alimenti liquidi;;
grattugia;N;;;;;Utensile da cucina di metallo munito di fori dai bordi sporgenti e acuminati che formano una superficie scabra su cui si strofinano alimenti vari per ridurli in briciole o in poltiglia.;;
embrice;N;;;;;"Tegola piana di forma trapezoidale con orli laterali rialzati. E' messa in opera a filari alternati di coppi che coprono i giunti. Si definisce di tipo laconico quando ha una forma semicircolare, mentre di. tipo corinzio quando ha forma \""a doppia falda\"".";;
faretra;N;;;;;Astuccio in cui gli arcieri portano le frecce.;;
bottone;N;;;;;Piccolo oggetto di vario materiale, spec. a forma di dischetto, gener. con fori al centro, che, cucito a un lembo di stoffa e inserito in un occhiello, serve a chiudere un indumento, un capo di biancheria e sim. e può essere usato anche solo come guarnizione.;;
nastro per capelli;N;;;;;;;
supporto;N;;;;;Elemento che ha la funzione di sostenere o rialzare qualcosa.;;
vago;N;;;;;"Ciascuna delle pallottoline di una collana.
DEFINIZIONE NON Più ESISTENTE";;
medaglia;N;;;;;Dischetto metallico recante sulle due facce figure o iscrizioni, coniato allo scopo di ricordare una persona o un evento particolare.;;
incensiere;N;;;;;Recipiente di metallo o di ceramica in cui viene fatto bruciare l'incenso.;;
pentola;N;;;;;Recipiente a larga imboccatura nel quale la profondità è uguale alla metà circa della larghezza.;;
tegame;N;;;;;Recipiente poco profondo,a base piana e parete rettilinea verticale o svasata.;;
tegame con coperchio;N;;;;;;;
pentola rituale;N;;;;;;;
casseruola;N;;;;;Recipiente ad alte pareti costituito da una vasca e da un manico piatto, fabbricati in un solo pezzo.;;
scaldamani;N;;;;;Piccolo oggetto cavo, spec. di metallo, che serve a scaldare le mani, in passato riempito di brace, acqua calda, pezzi di metallo roventi.;;
stufa;N;;;;;Apparecchio per il riscaldamento degli ambienti domestici.;;
pettorale equino;N;;;;;;;
pettorale;N;;;;;Ornamento di metallo prezioso o di gemme che si porta appeso o fissato sul petto.;;
calamaio;N;;;;;"Contenitore portatile in terracotta del calamo, contenente l'inchiostro in cui si intingeva il pennino per scrivere. 
Latino: calamarium, atramentarium, theca libraria, scriptoriola";;
disco;N;;;;;Elemento piatto circolare;;
disco votivo;N;;;;;;;
disco;N;;;;;Elemento piatto circolare;;
cesto;N;;;;;Recipiente di vimini, in genere più piccolo della cesta, di forma rettangolare (come, per es., quello a due coperchi e con manico) o della stessa forma del canestro.;;
calice;N;;;;;Vaso potorio caratterizzato da una vasca molto profonda, dalle pareti rastremate verso il basso e da un alto piede, noto soprattutto in ambiente etrusco, nella versione in ceramica particolarmente di bucchero.;;
scodella;N;;;;;Recipiente basso, cilindrico o leggermente troncoconico, la cui altezza è uguale a un terzo o un quarto del diametro dell'imboccatura.;;
ciotola;N;;;;;Recipiente di forma aperta, di piccole o medie dimensioni.;;
statuetta acroteriale;N;;;;;;;
acroterio centrale;N;;;;;Di acroterio si dice centrale quando chiude i coppi semicilindrici del colmo del tetto.;;
statua acroteriale;N;;;;;;;
acroterio laterale;N;;;;;Di acroterio si dice laterale quando è posto alla testata delle tegole terminali del frontone.;;
acroterio;N;;;;;Elemento ornamentale posto al vertice ed alle estremità del frontone del tempio. Gli acroteri possono essere costituiti da elementi decorativi come la voluta e da figure a tutto tondo come la sfinge.;;
acroterio angolare;N;;;;;;;
scultura acroteriale;N;;;;;Serviva a decorare la sommità del timpano come acroterio centrale.;;
cassetta;N;;;;;Elemento di sostegno degli elementi acroteriali.;;
sarchio;N;;;;;Zappetta che si può presentare in varie forme. È costituita per lo più da una lama triangolare fornita di codolo per l'impugnatura lignea terminante a uncino e piegata a formare con la lama un angolo leggermente acuto. Non è raro trovare che la lama della zappa si prolunghi in un bidente ricurvo. Comunemente usato per estirpare le erbe infestanti e per smuovere la terra.;;
zappa;N;;;;;"Attrezzo agricolo manuale a percussione, che si presenta in varie forme. È costituita per lo più da una lama di varia forma, posta pressoché perpendicolarmente rispetto al manico di legno che si fissa in un occhio o doccia di cui è munita la lama. La zappa è atta a tagliare e spianare le zolle e a livellare il terreno, a fare solchi.
Latino: ligo";;
fascia cruralis;N;;;;;Presso i romani, fascia di lana o di stoffa disposta a spina di pesce per proteggere i piedi o la parte inferiore delle gambe.;;
rudis;N;;;;;Spada di legno da esercitazione.;;
tridente;N;;;;;Arma da caccia e da combattimento costituita da un'asta terminante con tre denti.;;
lancia;N;;;;;"A) Arma in asta da offesa, composta da un'asta lignea e da una punta di ferro, di dimensioni variabili. All'estremità inferiore presenta un rinforzo variabile, il calzuolo (detto anche \""calcio ferrato\"" o \""calzuolo\"").
B) Era arma molto versatile adoperabile da lancio da piede e da cavallo. 
Latino: hasta, lancea, contus 
Francese: lance
Inglese: lance
Spagnolo: Lanze
Tedesco: Speer";;
picca;N;;;;;Arma bianca usata dalla fanteria, costituita da una lunga e robusta asta di legno munita di una punta di ferro aguzza.;;
ronca;N;;;;;Arma in asta con lama massiccia a un solo taglio, dapprima diritto, poi concavo all'estremità, che risulta rientrante e che prensenta sul dorso un breve gancio a uncino.;;
attingitoio;N;;;;;Recipiente costituito da una parte cava (vasca) e da un manico, fabbricati insieme o separatamente. Possono avere il manico o sistema di presa corto, oppure il manico lungo. Sono tipologicamente affini ai mestoli e ai colini con i quali formano spesso delle coppie.;;
attingitoio da bagno;N;;;;;;;
simpulum;N;;;;;Oggetto corrispondente all'attuale mestolo, caratterizzato da una vasca più o meno piccola, a volte a forma di vasetto globulare, e da un lungo manico impostato verticalmente o orizzontalmente, terminante con un gancio o un anello di sospensione.;;
ampolla;N;;;;;Piccolo recipiente per liquidi con collo sottile e allungato e base tondeggiante.;;
fiala;N;;;;;Il contenitore vitreo che forse meglio si identifica come vasellame da spezieria sono le piccole fiale usate per contenere unguenti, profumi e sostanze medicamentose liquide o semi liquide, vendute insieme al loro contenuto. Il tipo presenta corpo cilindrico lungo e sottile, piccola base apoda o su piede ad anello.;;
cucchiaio;N;;;;;Posata da tavola costituita da una paletta concava ovale usata per raccogliere e portare alla bocca cibi liquidi o non compatti.;;
cornice;N;;;;;Telaio di legno o d’altra materia, variamente sagomato, che inquadra un dipinto (o anche fotografie, specchi e sim.) per isolarlo dall’ambiente circostante e metterne in risalto i valori.;;
cofano;N;;;;;;;
bottiglia;N;;;;;"Recipiente per versare i liquidi; si distingue dalle brocche per la forma dell'apertura, più stretta nelle bottiglie.";;
fiocina;N;;;;;Arnese per la pesca, formato da un'asta terminante con più punte di ferro.;;
brunia;N;;;;;"Antica protezione del corpo, dapprima senza maniche e a sola difesa del tronco, e più tardi allungatasi ai polsi e agli stinchi, in pelle o tessuto rinforzato, ricoperta di brattee, scaglie o tondelli metallici. Usata specialmente tra l'VIII e l'XI secolo; rari esempi anche più tardi.";;
piastra;N;;;;;Protezione passiva del tronco, consistente in una piastra pettorale bronzea, di forma generalmente rettangolare, talora accoppiata con un'analoga protezione dorsale e tenuta ferma da una serie di cinghie o da un'imbracatura di cuoio.;;
piastra pettorale;N;;;;;;;
linothorax;N;;;;;In Grecia, l'armatura standard dell'oplita. Era costituito da un corsetto costituito da parecchi strati di lino, incollati insieme fino a formare uno strato di mezzo centimetro. Fasciava il tronco fino a coprire appena il basso ventre. dove terminava con due strati sfalsati di strisce verticali (pteryges) che avevano lo scopo di proteggere parte delle cosce e di consentire il piegamento in avanti. Si chiudeva sul lato destro e la protezione delle spalle veniva assicurata da un pezzo aggiuntivo (humeralis) sagomato a U, i cui teminali si allacciavano sul torace con un cordino.;;
piastra dorsale;N;;;;;;;
corona del rosario;N;;;;;Filza di grani per recitare il rosario, una serie di preghiere in onore della Madonna.;;
tibia;N;;;;;Strumento a fiato, generalmente realizzato in metallo, in cui il suono era provocato dalle vibrazioni di una sottile lamina posta all'interno della canna. Coprendo con le dita i fori sulla canna si potevano ottenere note diverse. Quella doppia era formata da due canne divergenti. Lo strumento veniva applicato alla bocca mediante il capistrum, una sorta di maschera.;;
biconico;N;;;;;"Vaso d'impasto, formato da due \""mezzi coni\"" rovesciati uniti per la parte più larga.";;
recipiente;N;;;;;"A) Contenitore di varia forma e materiale spec. per liquidi o materiali incoerenti. 
B) Vedi: http://www.treccani.it/vocabolario/recipiente";;
vaso silos;N;;;;;;;
ampolla olearia;N;;;;;;;
albarello;N;;;;;Recipiente ceramico di forma cilindrica usato soprattutto dagli speziali, con una leggera strozzatura alla sommità e alla base, occasionalmente fornito di impugnatura.;;
anfora da trasporto;N;;;;;;;
forceps;N;;;;;In epoca romana, strumento utile per rimuovere frammenti di osso nelle fratture scomposte oppure punte di freccia o di lancia dalle ferite.;;
cofanetto da cosmesi;N;;;;;;;
morso;N;;;;;"Parte dei finimenti che si pone in bocca al cavallo e a cui si attaccano le redini.
Latino: frenum";;
buccina;N;;;;;Conchiglia tortile adattata a uso di tromba da antiche popolazioni rivierasche, rimasta poi lungamente in uso in alcuni luoghi come mezzo primitivo di segnalazione acustica. È attributo di tritoni e di altre divinità marine nelle arti figurative antiche.;;
tensa;N;;;;;Veicolo a due ruote sul cui assale poggiava un cassone cubico, più lungo che largo, ornato in argento e avorio con bassorilievi, che serviva a trasportare gli oggetti sacri delle divinità. Le tense con il loro ricco carico chiudevano le processioni circensi ed erano tirate da quattro cavalli, le cui redini erano tenute da giovani non orfani, che non dovevano mai lasciare le guide durante la cerimonia e con una mano dovevano appoggiarsi al carro: pena l'invalidazione della processione.;;
triumphalis currus da parata;N;;;;;;;
carpentum da viaggio;N;;;;;;;
covimmus da viaggio;N;;;;;;;
tensa da cerimonia;N;;;;;;;
essedum da viaggio;N;;;;;;;
essedum;N;;;;;In origine era un carro da guerra sul quale i galli erano famosi per sapervi fare acrobazie, ma ben presto fu apprezzato dal pubblico romano nell'anfiteatro dove appunto gli essedari gallici si esibivano e venne adottato dai romani soprattutto per i viaggi veloci. Era un veicolo grande e robusto, decorato e con il posto per il cocchiere nella parte anteriore del mezzo su di un basso sgabemllo o su un cuscino. Era a due ruote e trainato da due muli o da due cavalli. Divenne la vettura elegante, anche per le donne, usato molto per i viaggi.;;
carpentum;N;;;;;Carro a due ruote con sei od otto raggi, chiuso con una copertura a volta, riccamente ornata che poggiava su quattro statuine fissate ai bordi della cassa, molto leggera. Era trainato da due mule. Talvolta era equipaggiato con tendine di seta o di pelle per proteggere il viaggiatore dalle intemperie e da sguardi indiscreti. Sembra essere di origine etrusca introdotto presso i romani al tempo dei Tarquini. Fu adoperato dalle matrone romane che ne ottennero il privilegio dell'uso con la legge del 395 a.C., uso che fu poi limitato alla famiglia imperiale, le cui donne, uniche oltre il pontefice, ne potevano fare sfoggio per salire in Campidoglio.;;
birota da viaggio;N;;;;;;;
triumphalis currus;N;;;;;Anche se il prototipo del carro trionfale va ricercato nel carro da corsa e da guerra greco e nelle forme elaborate del carro da parata ellenistico ed etrusco, tuttavia i Romani apportarono modifiche ed abbellimenti tali da trasformarlo in un veicolo diverso e particolare, come ad es. il rialzamento del cassone per rendere più visibile la figura del trionfatore o i fregi sugli specchi della cassa. Il carro trionfale romano era riservato al generale trionfatore nella pompa trionfale: era a due ruote con alto cassone di forma semicircolare, un po' come le bighe, piano rialzato interno, appunto perché il trionfatore potesse essere visto meglio. La cassa era rivestita di materiali preziosi, con ornamenti simbolici a rilievo ed il carro era trainato da quattro cavalli bianchi.;;
cisium;N;;;;;Carrozzino leggero a due posti, guidati dallo stesso padrone, che poteva portare anche un bagaglio leggero, ed era tirato da due cavalli o da piccoli muli.;;
covimmus;N;;;;;Carrozzino leggero a due posti, guidati dallo stesso padrone, che poteva portare anche un bagaglio leggero, ed eran tirato da due cavalli o da piccoli muli.;;
birota;N;;;;;Così chiamato dalle due ruote, è uno dei veicoli più usati nel cursus publicus per trasportare due o tre persone con poco bagaglio. Di piccole dimensioni, non permetteva grandi carichi, ed era tirato da tre muli che potevano essere sostituiti da cavalli.;;
strumento;N;;;;;Arnese, specialmente tipico di un'arte o di un mestiere, che serve ad eseguire derminate operazioni.;;
ruota;N;;;;;Classico mantello militare di epoca romana, simbolo stesso dello stato di guerra. Non molto dissimile dalla clamide greca, aveva forma generalmente rettangolare. Era costituito da un pesante e grossolano tessuto di lana che si assicurava con una fibula sulla spalla destra, lasciando scoperto il fianco destro per garantire l'uso della spada. La parte sinistra veniva tenuta ripiegata sulla spalla, lasciando un ampio drappeggio sulla parte destra del petto.;;
puntazza;N;;;;;Nell'edilizia romana è un rivestimento metallico che si utilizza per proteggere la punta dei pali usati nella realizzazione di fondazioni su palafitta e agevolarne la penetrazione nel terreno.;;
geometrico;N;;;;;"Strumenti ricavati da supporto laminare o lamellare di norma con la tecnica del microbulino; derivano dall'associazione di due troncature, di una troncatura e di una punta, o di due punte. Segmenti, triangoli e qualche raro trapezio, compaiono nella fase recente del Paleolitico superiore e hanno grande sviluppo nel Mesolitico. Molti sono i tipi secondari, caratteristici dei complessi mesolitici.";;
bifacciale;N;;;;;Strumento di pietra a forma di mandorla, lavorato più o meno integralmente sulle due facce. Le sue dimensioni, il suo spessore, la regolarità del suo profilo e la sua tecnica variano nel corso delle diverse epoche. Questo strumento è un eccellente marcatore cronologico e culturale. Abbondante nelle industrie Acheuleane , diventa più raro con il diffondersi delle industrie su scheggia del Paleolitico medio e scompare definitivamente nel Paleolitico superiore. Questo strumento può essere stato usato come attrezzo da percussione o da lancio, ma è certamente servito come coltello, l'asimmetria della sua forma e del suo ritocco è stata interpretata da diversi autori come una caratteristica destinata alla prensione.;;
poliedro;N;;;;;Oggetto la cui lavorazione si sviluppa a partire da un centro d'equilibrio attorno al quale il volume del manufatto si distribuisce in modo più o meno regolare e costante. Il metodo consiste nell staccare delle schegge secondo direzioni opposte tra loro, non contigue, la cui intersezione forma un angolo superiore a 9° (più gli angoli sono aperti, più la forma poliedrica tende a inscriversi in una sfera): ciò permette di mantenere controllato lo spessore dell'oggetto e di creare i bordi caratteristici di questi oggetti.;;
foliato;N;;;;;La famiglia dei Foliati comprende il solo guppo tipologico dei Foliati, costituiti dagli strumenti ottenuti mediante ritocco piatto. Come criteri di classificazione sono stati assunti l'orientamento (unidirezionale o bifaccile) del ritocco e la forma. Il ritocco piatto fu adottato in età diverse (alla fine del Paleolitico medio, nel Gravettiano evoluto, nel Solutreano, nel Neolitico, ecc) per ottenere strumenti che ebbero diffusione più o meno ampia. Talora lo stesso tipo (come ad esempio la punta foliata a lavorazione bifacciale o la punta foliata peduncolata) comparve in età e in contesti culturali diversi.;;
becco;N;;;;;Termine che designa un certo numero di manufatti con un'estremità rilevata, sovente utilizzato per descrivere un perforatore spesso o malamente ottenuto. il suo impiego è sempre più circoscritto a descrivere uno strumento litico con una punta chiaramente delineata, ma più spessa e meno acuta di quella di un perforatore. Caratteristici nel Paleolitico finale del nord dell'Europa.;;
loculus;N;;;;;In epoca romana, borsa appesa al fardello (sarcina) dei legionari, versione più elaborata della pera, rinforzata da strisce di cuoio sui bordi e lungo le diagonali.;;
cucchiaio da tavola;N;;;;;;;
piccozza;N;;;;;Piccone corto e tozzo impiegato nello scavo e nella rimozione di rocce.;;
pietra miliare;N;;;;;Piccola colonna lapidea, posta sul ciglio stradale, che indicava il numero del miglio sulle vie consolari e la distanza da un punto convenzionale.;;
braga di maglia;N;;;;;Protezione delle anche e della forcata, in maglia ad anelli, sistemata sulle calzebrache da armare.;;
falda di maglia;N;;;;;Protezione in maglia, cucita al farsetto da armare o indipendente, a protezione dell'addome e della forcata. Per lo più ad anelli.;;
poggiatesta;N;;;;;Sui letti egizi ci di distendeva appoggiando la testa su un cuscino che a sua volta era appoggiato su un sostegno di legno. In questo modo l'aria poteva circolare sotto il collo e la testa rimaneva sollevata dalla superficie del letto.;;
camicia di maglia;N;;;;;Protezione del solo tronco e degli arti superiori fatta di anelli di ferro intrecciati, generalmente in un solo pezzo con spacco sotto il collo per passarvi la testa e relative agganciature. Di rado si apriva dinanzi completamente, e vi si allacciava o affibbiava. Sovente orlato con ricorsi di anelli in ottone, che nel Tre e Quattrocento assunsero talvolta, lungo il suo margine inferiore, un profilo indentato.. In genere le maniche facevano parte dell'usbergo o della camicia di maglia, ma potevano anche essere indipendenti.;;
pellegrina di maglia;N;;;;;Mantellina avvolgente, in maglia ad anelli, con apertura al collo chiusa da fibbie. Copriva dal collo a metà delle braccia, calando a punta sul davanti. Talora del tutto aperta sul dinanzi. Di rado, e in antico, anche in maglia piena.;;
maglia;N;;;;;"Dapprima piccola brattea, squama o tondello di acciaio. Le maglie si cucivano e ribadivano a una veste di pelle o di tessuto rinforzato, in modo da sovrapporsi in parte tra loro fino a corazzarla completamente. Le maglie ribadite si distinguevano tra \""chiodate in mezzo\"" (in genere quelle tonde) e \""chiodate in alto\"" (in genere quelle a scaglie) secondo la posizione di fissaggio.";;
